index,country,latitude,longitude,analysis
0,Egypt,23.95420291888193,32.99497151535935,"Alright, understood. As a US Army expert in satellite imagery analysis, I will analyze the provided image and report my findings based on the visual information available.

Upon reviewing the provided Google Earth satellite image, here is my assessment:

**Analysis Based on Visual Features:**

1.  **Overall Image Quality:** The primary observation is that the satellite image of the ground area is severely blurred. This blur makes it extremely difficult, if not impossible, to discern specific details of objects or structures on the ground.
2.  **Visible Shapes:** There are some indistinct shapes visible within the blurred area. These appear as large, fuzzy areas of lighter and darker tones. However, due to the lack of resolution and sharp edges, it is impossible to definitively identify what these shapes represent. They could be buildings, vehicles, geological features, or something else entirely.
3.  **Lack of Discernible Features:** Crucially, there are no discernible visual features that would allow for the identification of military devices, structures, or typical base characteristics such as vehicles (tanks, trucks), aircraft, radar dishes, fortified positions, barracks, or specific building layouts commonly associated with military facilities (parade grounds, organized motor pools, defensive perimeters).
4.  **Surrounding Terrain:** The blurred background suggests the area might be arid or desert-like, based on the general color and texture. However, this observation is also limited by the blur.
5.  **Metadata:** The Google Earth interface shows coordinates (23°57'15""N 32°59'41""E), a camera altitude of 1,000m, and a data date of 2/27/2023. While this metadata provides context *about the location and time* the image view is representing, it does not provide visual evidence *within the image itself* to support the presence of military activity.

**Reasoning:**

My reasoning is based entirely on the visual characteristics of the ground imagery provided. The extreme blurriness of the image prevents any meaningful identification or classification of objects within the scene. Standard techniques for identifying military assets from satellite imagery rely on recognizing specific shapes, sizes, patterns (like vehicle formations or building layouts), textures, and potential signatures (like disturbed earth or heat blooms, neither of which are visible here). None of these visual cues are present in this image due to the low resolution and heavy blurring.

**Conclusion:**

Based solely on the provided visual information in this blurred satellite image, it is **impossible to confirm or deny** the presence of Egyptian military devices, structures, or a military base. The image quality is insufficient to allow for any specific identification of ground features. To make any determination about military activity in this area, clearer, higher-resolution imagery would be required."
